{
	"bmi-installation" : null,
	"compiler-frontend-variant" : "GNU",
	"compiler-id" : "GNU",
	"compiler-simulate-id" : "",
	"config" : "Debug",
	"cxx-modules" : {},
	"dir-cur-bld" : "C:/Users/esvel/OneDrive/Desktop/Code/C++/Unidad2/Grupo1_AC2/cmake-build-debug",
	"dir-cur-src" : "C:/Users/esvel/OneDrive/Desktop/Code/C++/Unidad2/Grupo1_AC2",
	"dir-top-bld" : "C:/Users/esvel/OneDrive/Desktop/Code/C++/Unidad2/Grupo1_AC2/cmake-build-debug",
	"dir-top-src" : "C:/Users/esvel/OneDrive/Desktop/Code/C++/Unidad2/Grupo1_AC2",
	"exports" : [],
	"forward-modules-from-target-dirs" : [],
	"include-dirs" : 
	[
		"C:\\Users\\esvel\\OneDrive\\Desktop\\Code\\C++\\Unidad2\\Grupo1_AC2\\include"
	],
	"language" : "CXX",
	"linked-target-dirs" : [],
	"module-dir" : "C:/Users/esvel/OneDrive/Desktop/Code/C++/Unidad2/Grupo1_AC2/cmake-build-debug/CMakeFiles/Grupo1_AC2.dir"
}